snapped_at,price,market_cap,total_volume
2017-12-27 00:00:00 UTC,1.00682728356262,0.0,280130.571680753
2017-12-28 00:00:00 UTC,1.03803724956752,0.0,132558.013952865
2017-12-29 00:00:00 UTC,1.05272181231004,0.0,45460.3173559161
2017-12-30 00:00:00 UTC,1.08290634194404,3730561.45139914,67270.2708274184
2017-12-31 00:00:00 UTC,1.0470155720823,3606919.43609163,40696.7780811721
2018-01-01 00:00:00 UTC,1.03013390195804,3548762.87595204,12306.0833138472
2018-01-02 00:00:00 UTC,1.00642887264546,3467100.16410661,67113.8794588422
2018-01-03 00:00:00 UTC,1.0066806715421495,3467967.5994711425,55670.844098933376
2018-01-04 00:00:00 UTC,1.0942664226794145,3769696.3956087176,87928.5847358784
2018-01-05 00:00:00 UTC,1.0474675565442755,3608476.5013198717,102661.9202235192
2018-01-06 00:00:00 UTC,1.0718583944830884,3692501.7916496987,37717.487845590906
2018-01-07 00:00:00 UTC,1.022381991457595,3522057.908617816,46517.628138174856
2018-01-08 00:00:00 UTC,1.0556403265024858,3636631.309705718,70373.9458293989
2018-01-09 00:00:00 UTC,1.07171886940745,3692021.1343218028,61255.957937710526
2018-01-10 00:00:00 UTC,1.0157983720058559,3499377.649036689,44824.80344260695
2018-01-11 00:00:00 UTC,1.041512559888868,3587961.817726835,15281.407882643243
2018-01-12 00:00:00 UTC,1.0307883960672852,3551017.577397182,25439.840407368156
2018-01-13 00:00:00 UTC,1.0275267260917234,3539781.2776298607,281574.8795117862
2018-01-14 00:00:00 UTC,1.0003721152614062,9267089.142564405,329716.4818077196
2018-01-15 00:00:00 UTC,1.0267938691620584,9511850.81171215,17572.39949324699
2018-01-16 00:00:00 UTC,0.992355869650842,9192829.513044065,27165.779918758104
2018-01-17 00:00:00 UTC,1.0070960375846576,9047087.125371795,81176.00425747258
2018-01-18 00:00:00 UTC,1.0125851981387743,9567148.98504789,92337.34795768904
2018-01-19 00:00:00 UTC,1.0141710268723425,9583711.341396209,35736.349521870325
2018-01-20 00:00:00 UTC,1.0152090245566168,9745613.749851016,107011.56217848625
2018-01-21 00:00:00 UTC,1.0024105854866054,9997180.1041293,53100.98015462638
2018-01-22 00:00:00 UTC,1.0037906009488171,9708406.725773718,86185.59232709318
2018-01-23 00:00:00 UTC,1.0013840651242338,9795804.291822512,50706.895741036395
2018-01-24 00:00:00 UTC,1.0048425138026,9895487.102582732,140190.8713934415
2018-01-25 00:00:00 UTC,1.0043118446703994,9398760.001658222,147823.4438770309
2018-01-26 00:00:00 UTC,0.997451405446509,9384006.86321827,16039.980949561384
2018-01-27 00:00:00 UTC,0.9534429966363522,8969188.913351635,24812.227017839043
2018-01-28 00:00:00 UTC,1.009781770035314,9536579.982785743,83438.1871646899
2018-01-29 00:00:00 UTC,0.993829943079833,9511084.73465643,10237.238489355297
2018-01-30 00:05:13 UTC,0.9966365776226879,9537944.600513946,10266.150970893681
2018-01-31 00:00:00 UTC,1.0008441366868577,9990282.050852532,5888.064138854179
2018-02-01 00:00:00 UTC,1.0029793126511433,10365322.804910557,188911.37884774766
2018-02-02 00:00:00 UTC,0.9868765541368028,10274660.959948616,117128.23878926203
2018-02-03 00:00:00 UTC,1.008375180840019,10443903.08798901,359737.74089365796
2018-02-04 00:00:00 UTC,1.0088055911364229,10847393.967868526,146762.5949943595
2018-02-05 00:00:00 UTC,0.9948744878951877,11016894.857504008,60598.69547036255
2018-02-06 00:00:00 UTC,1.0027565278451696,10582867.777415682,53449.377682127706
2018-02-07 00:00:00 UTC,1.0264003358710574,10795043.390883878,323693.85499419476
2018-02-08 00:05:12 UTC,1.0038920981651114,11204935.630317302,208799.66506949996
2018-02-09 00:00:00 UTC,1.0062120619508952,11319215.55971431,44666.649964947435
2018-02-10 00:00:00 UTC,0.998004292222004,13872896.388624294,51858.9816673567
2018-02-11 00:00:00 UTC,1.021524352866586,14388566.861574776,127552.41052075557
2018-02-12 00:00:00 UTC,1.0092695994772047,14450972.424175289,39204.209619836474
2018-02-13 00:00:00 UTC,0.9918875742334217,14407534.014142916,12347.11174526476
2018-02-14 00:00:00 UTC,1.0088623348359704,14788157.328471698,15660.329914423077
2018-02-15 00:00:00 UTC,0.9920754011049318,15024040.470178545,13525.098865518086
2018-02-16 00:00:00 UTC,1.0028077189572013,17437038.22650283,12266.980440417405
2018-02-17 00:00:00 UTC,0.9930560709839036,17295681.220075745,39127.729961340214
2018-02-18 00:00:00 UTC,0.9951010112444736,17341651.195583735,12305.567375099836
2018-02-19 00:00:00 UTC,0.9974007373927488,17498152.17883625,29706.272373475564
2018-02-20 00:00:00 UTC,0.9911352309348024,17512957.1297142,2038.984210918925
2018-02-21 00:00:00 UTC,1.0335874910071159,18348484.932656236,17999.539594167287
2018-02-22 00:00:00 UTC,1.007129332020419,17756987.30609963,62356.97960585817
2018-02-23 00:00:00 UTC,1.0052605425395125,17718308.15545792,61975.07644557328
2018-02-24 00:00:00 UTC,1.0166823597849544,18485344.082669035,3585.511311241683
2018-02-25 00:00:00 UTC,1.0088061716874546,18644603.33539561,19367.33326172211
2018-02-26 00:00:00 UTC,0.9995853234248995,18630858.014578126,237.70438866641138
2018-02-27 00:00:00 UTC,0.9936323036873717,19290602.104687266,7069.550757683918
2018-02-28 00:00:00 UTC,0.9912662004278997,19719521.210655324,10358.091436506076
2018-03-01 00:00:00 UTC,0.9964134829560004,20135724.939098414,14163.614112758949
2018-03-02 00:00:00 UTC,0.9859519241043629,20163511.52518505,6045.726067002048
2018-03-03 00:00:00 UTC,0.9934298099986425,20660433.272347707,3317.843964845936
2018-03-04 00:00:00 UTC,0.9956915005385963,20804439.217418183,4713.9450857344
2018-03-05 00:00:00 UTC,0.9844971888197215,20767361.74788371,2343.3139917893445
2018-03-06 00:00:00 UTC,0.9940869230724574,20447974.349178914,11208.324523069403
2018-03-07 00:00:00 UTC,0.9977911967895793,20556224.83263578,17290.34448851184
2018-03-08 00:00:00 UTC,1.0100591059043549,21161362.485223684,21513.37489115364
2018-03-09 00:00:00 UTC,1.0095731053685748,20708288.82891041,15583.54431009372
2018-03-10 00:00:00 UTC,1.004400941804616,21209779.005942095,6668.218747941525
2018-03-11 00:00:00 UTC,1.0191299857704668,21625711.03206248,3555.1422145315682
2018-03-12 00:00:00 UTC,1.0045958942524706,21534674.30615546,2055.4263053461227
2018-03-13 00:00:00 UTC,1.0089502846413343,21826273.419797786,10647.901860802056
2018-03-14 00:00:00 UTC,0.9984833257248011,21636577.513244014,9399.245751826908
2018-03-15 00:00:00 UTC,1.0064009801685578,21757134.20922195,8758.474245379559
2018-03-16 00:00:00 UTC,0.9991967728766331,22010282.532203924,9844.682341368589
2018-03-17 00:00:00 UTC,1.0017037890528724,22395251.884461313,1473.7166314924762
2018-03-18 00:00:00 UTC,1.0056883204530267,22794623.730762243,4770.1707846895915
2018-03-19 00:00:00 UTC,0.9962811005024969,16921651.176312417,4513.179288584924
2018-03-20 00:00:00 UTC,1.0190788635890213,18003668.84227044,109413.67779355068
2018-03-21 00:00:00 UTC,0.999188039635172,17915443.549034715,8659.981857647732
2018-03-22 00:00:00 UTC,1.0016519028382023,18182580.321549334,13431.584080431383
2018-03-23 00:00:00 UTC,0.9962568576172764,18192644.484435372,2855.509263063227
2018-03-24 00:00:00 UTC,1.0024551760985376,18426966.64439444,1530.1656249899777
2018-03-25 00:00:00 UTC,0.9934158593748035,18301656.666964192,1604.8752418103074
2018-03-26 00:00:00 UTC,1.0039796943290369,18539833.40051515,4772.509843124955
2018-03-27 00:00:00 UTC,1.0021240124281772,18685811.77540636,777.3185348441765
2018-03-28 00:00:00 UTC,0.9984952458799496,18662560.114739686,3750.420180243824
2018-03-29 00:00:00 UTC,0.9875703661339069,18757234.06107626,2089.585283507029
2018-03-30 00:00:00 UTC,0.9961178854259017,18876409.025873702,6694.237652991221
2018-03-31 00:00:00 UTC,1.0253066089900622,19229014.36886966,85203.1162182305
2018-04-01 00:00:00 UTC,0.9965375880290107,18867798.92845942,31439.04491245022
2018-04-02 00:00:00 UTC,0.9910581913224402,19079358.75236034,46637.7638238792
2018-04-03 00:00:00 UTC,0.9918033741602781,19349995.559366725,19945.797574505006
2018-04-04 00:00:00 UTC,0.9937710095493968,19588513.53167598,118811.80499435608
2018-04-05 00:00:00 UTC,1.0061592528383965,19776519.929317232,243441.62399683223
2018-04-06 00:00:00 UTC,1.0039851071088117,20089079.36307663,105913.94869011556
2018-04-07 00:00:00 UTC,1.0100131720017567,20252624.54289805,68704.9770405519
2018-04-08 00:00:00 UTC,1.0184523907126615,20454941.033528764,71614.28107338624
2018-04-09 00:00:00 UTC,1.0057603377731434,20386253.131930705,1036431.4535658417
2018-04-10 00:00:00 UTC,1.0060445265046256,20762662.430262234,475697.41864484857
2018-04-11 00:00:00 UTC,0.9991222915044283,21061287.09010984,302633.196386478
2018-04-12 00:00:00 UTC,1.0050328043302443,21793926.310045242,937449.9166045868
2018-04-13 00:00:00 UTC,0.9969789216188777,23254489.479687773,3938902.096992549
2018-04-14 00:00:00 UTC,0.9888977681277664,23950578.83933963,1874227.1910585423
2018-04-15 00:00:00 UTC,0.986556026998058,24058493.6630919,215511.8740946331
2018-04-16 00:00:00 UTC,1.004015281990389,24841148.315995652,1325714.9104824371
2018-04-17 00:00:00 UTC,0.9945960976838956,24889872.77172584,420122.7678363672
2018-04-18 00:00:00 UTC,1.001086653565765,25235433.407638602,322706.7212789942
2018-04-19 00:00:00 UTC,0.9985420059997772,25651211.080556266,343093.28784410766
2018-04-20 00:00:00 UTC,1.0011374006732177,25866103.699309535,411798.5908852573
2018-04-21 00:00:00 UTC,0.9944209489772055,26403847.137665678,1194694.911954196
2018-04-22 00:00:00 UTC,0.9942691001257494,26763878.81193534,1351579.1739487348
2018-04-23 00:00:00 UTC,0.993309360008666,26988527.210574497,885418.7500942472
2018-04-24 00:00:00 UTC,0.9954298052411727,26992997.362349097,548175.2110357983
2018-04-25 00:00:00 UTC,1.0007776361761505,27490405.923116308,1399172.4165785254
2018-04-26 00:00:00 UTC,0.9727515442054373,27395347.85130469,2238896.592752418
2018-04-27 00:00:00 UTC,0.9922751590754983,28799446.920701586,2490106.671979784
2018-04-28 00:00:00 UTC,0.9890238577269572,29605236.418284047,1251398.6099481408
2018-04-29 00:00:00 UTC,0.9887088028919028,29788337.885648765,640521.3956394009
2018-04-30 00:00:00 UTC,0.9981622803803736,30240651.843631763,624405.3244697367
2018-05-01 00:00:00 UTC,0.9926361311680768,30290998.299519256,454464.0696695811
2018-05-02 00:00:00 UTC,0.9981369031933564,30316353.270614523,629465.4147698976
2018-05-03 00:00:00 UTC,0.9913137793687379,30286801.980322864,276283.7982702932
2018-05-04 00:00:00 UTC,0.9867106897083248,30765750.803413503,845394.9759591836
2018-05-05 00:00:00 UTC,0.9925347507965959,31420318.2710618,1265431.3646860651
2018-05-06 00:00:00 UTC,1.0136354623332844,32360176.307838153,826884.0541972452
2018-05-07 00:00:00 UTC,0.9999196361350824,32200278.053226817,566907.8073115491
2018-05-08 00:00:00 UTC,0.9921596654138403,32526537.82659054,773526.2463451381
2018-05-09 00:00:00 UTC,0.999989138962865,33239163.984284624,239104.31763659214
2018-05-10 00:00:00 UTC,0.9885717525602534,33413516.647896774,523029.45600846055
2018-05-11 00:00:00 UTC,0.9814214488897653,33853193.65912587,388219.26269897906
2018-05-12 00:00:00 UTC,0.9986790603608542,34883461.105459556,1007202.3247732099
2018-05-13 00:00:00 UTC,0.9997241799122807,35446623.411814325,1039389.8026518838
2018-05-14 00:00:00 UTC,0.9934950350673901,35474980.55838524,642705.0974141947
2018-05-15 00:00:00 UTC,1.004786051560474,35787264.84600514,427020.4093705059
2018-05-16 00:00:00 UTC,0.9952986373261012,35664602.75631489,249292.9255968695
2018-05-17 00:00:00 UTC,0.9946208500089018,35784954.31659507,664665.9181536412
2018-05-18 00:00:00 UTC,1.0056376063944243,37268873.377271414,610467.2458224971
2018-05-19 00:00:00 UTC,0.9988778293227225,37173408.227476105,569724.2082653416
2018-05-20 00:00:00 UTC,1.0004445896660226,37583084.62567164,240477.02365141237
2018-05-21 00:00:00 UTC,0.989440111650475,37209057.00130719,173855.3094834965
2018-05-22 00:00:00 UTC,0.9982270687481744,37645019.4293829,1242598.6567034728
2018-05-23 00:00:00 UTC,0.9997831272638787,37905821.4775403,602227.252604703
2018-05-24 00:00:00 UTC,1.0015980471061126,36293346.94162876,1108503.1069815774
2018-05-25 00:00:00 UTC,0.9996572764227377,36433033.259639524,669872.2533564122
2018-05-26 00:00:00 UTC,1.0104427081667793,37266994.37531551,636396.7523792124
2018-05-27 00:00:00 UTC,1.001774489687281,37022123.006205544,185388.98887123496
2018-05-28 00:00:00 UTC,1.008715133581493,37647263.18938308,270678.3367450739
2018-05-29 00:00:00 UTC,0.9879675675194134,37406566.35687948,1499600.0038768714
2018-05-30 00:00:00 UTC,0.9870044239470829,39811143.22933895,1495064.2464825953
2018-05-31 00:00:00 UTC,1.0014099928076101,40458087.29143938,2140509.9024576126
2018-06-01 00:00:00 UTC,0.9989798863480989,40983326.65687064,1150906.1574896062
2018-06-02 00:00:00 UTC,0.9951555895839921,40771073.69977407,313074.84110029606
2018-06-03 00:00:00 UTC,0.9832408516984336,40523755.5013038,245485.1537315374
2018-06-04 00:00:00 UTC,1.0000929154591958,41354847.14761779,263348.9402089686
2018-06-05 00:00:00 UTC,0.9992712191685351,41457258.709627286,201820.61809003403
2018-06-06 00:00:00 UTC,0.9977513813847428,41523020.13853629,189420.57706234034
2018-06-07 00:00:00 UTC,0.99463806824064,41829258.28425726,197320.997877627
2018-06-08 00:00:00 UTC,0.9936981314208485,41962154.97953134,297377.76390762115
2018-06-09 00:00:00 UTC,0.9947729098394094,42067002.570842795,232523.47188814537
2018-06-10 00:00:00 UTC,0.9789105665807314,41417644.40066505,450574.9854708873
2018-06-11 00:00:00 UTC,1.0079606496567317,42453514.441349044,1420660.2048934156
2018-06-12 00:00:00 UTC,0.9979397624660296,42196324.073967084,282913.4472558039
2018-06-13 00:00:00 UTC,1.0113390639747986,42849351.98513564,259592.14593026895
2018-06-14 00:00:00 UTC,0.996716342308329,41811004.664406516,1011060.1214845305
2018-06-15 00:00:00 UTC,0.9946280519889459,42120881.73114738,656735.3829672869
2018-06-16 00:00:00 UTC,0.9879408166274816,42039017.67554489,430904.6789993143
2018-06-17 00:00:00 UTC,0.9899355644743675,42161385.38903025,343998.45377354696
2018-06-18 00:00:00 UTC,0.9885697717225594,42062294.389056504,141754.96083019092
2018-06-19 00:00:00 UTC,0.9975361950359782,42490574.9414513,87371.68294731558
2018-06-20 00:00:00 UTC,0.9954961232095677,42567264.904022634,112220.43993143702
2018-06-21 00:00:00 UTC,0.9945025797342952,42675736.68062937,126127.64572445411
2018-06-22 00:00:00 UTC,0.9956676938075648,42927286.647557914,158685.9064787509
2018-06-23 00:00:00 UTC,1.0129874055413197,43735539.77962683,319537.4316211729
2018-06-24 00:00:00 UTC,0.9907900521932814,42610560.00736813,714850.72341178
2018-06-25 00:00:00 UTC,0.9904823666477268,43377880.08359194,718062.2716483959
2018-06-26 00:00:00 UTC,0.989843214461592,43377548.782852426,163352.88982221368
2018-06-27 00:00:00 UTC,0.988647137387297,43257976.69788844,110253.0305364236
2018-06-28 00:00:00 UTC,1.0099973186604005,44241715.49714986,259773.95796644286
2018-06-29 00:00:00 UTC,0.993767087591664,45149090.665509775,314726.16853322595
2018-06-30 00:00:00 UTC,1.0167997899399897,50839989.49699948,333877.20545170683
2018-07-01 00:00:00 UTC,0.9989708877821545,50106934.22027825,236299.79742033337
2018-07-02 00:00:00 UTC,0.9896239150348964,49830853.63190061,111832.19963860858
2018-07-03 00:00:00 UTC,0.9960894287961626,50609717.10667295,124030.4121736573
2018-07-04 00:00:00 UTC,0.9921911089046141,50636698.4703287,268265.74815707584
2018-07-05 00:00:00 UTC,0.9821814307686182,50499397.480574,62828.4567988492
2018-07-06 00:00:00 UTC,0.9964080599885401,51355799.0677132,144032.07145068113
2018-07-07 00:00:00 UTC,0.9900579322519198,51005190.71783641,188886.49636395925
2018-07-08 00:00:00 UTC,1.0007549566772578,51742912.187936224,108956.41459605913
2018-07-09 00:00:00 UTC,0.9840570490833382,51272733.79612159,74839.38088480016
2018-07-10 00:00:00 UTC,0.9855307040783757,51578719.1601546,26142.933514085533
2018-07-11 00:00:00 UTC,0.9988831733774709,52617253.94701822,172455.97070223774
2018-07-12 00:00:00 UTC,1.0145291053742551,53646307.57155676,35762.78293789322
2018-07-13 00:00:00 UTC,1.0043737833019677,53190305.772783116,138056.20342631996
2018-07-14 00:00:00 UTC,0.9939063974800665,52718378.61523391,41058.42434322697
2018-07-15 00:00:00 UTC,0.9935312394746398,52871417.65866729,31399.878875004324
2018-07-16 00:00:00 UTC,1.0026545861282026,53440394.54182514,18362.97171917408
2018-07-17 00:00:00 UTC,0.9994751208797442,53424852.68414897,117881.75820075082
2018-07-18 00:00:00 UTC,0.989680670063238,53029608.04961293,210657.80266997067
2018-07-19 00:00:00 UTC,0.9948704449419637,53636919.877006106,394086.6166551041
2018-07-20 00:00:00 UTC,0.9982358114202701,54089826.70084813,313606.7913834392
2018-07-21 00:00:00 UTC,1.0096864677797686,54793082.64438058,339868.95394764707
2018-07-22 00:00:00 UTC,0.9861996993908958,53636192.556049004,86289.74458866887
2018-07-23 00:00:00 UTC,1.0024548547943073,54589737.710150674,83045.49118355593
2018-07-24 00:00:00 UTC,0.9982711859342648,54503292.759401865,117942.29057811771
2018-07-25 00:00:00 UTC,1.0048689410927347,55080733.39697811,155904.9735147938
2018-07-26 00:00:00 UTC,0.9802611822338403,53799397.05062528,127745.95351462884
2018-07-27 00:00:00 UTC,0.995634061703579,54680349.11428639,94792.00599744749
2018-07-28 00:00:00 UTC,0.9990814361903521,54941601.233345,218798.68292667263
2018-07-29 00:00:00 UTC,0.9898073513273296,54469350.944417536,56703.168200000255
2018-07-30 00:00:00 UTC,0.9957289346276903,54849891.6635116,51109.035155178026
2018-07-31 00:00:00 UTC,0.9912224235481658,54676223.3894414,151747.21755143377
2018-08-01 00:00:00 UTC,0.9958450229527311,55045318.706036866,237159.98765531924
2018-08-02 00:00:00 UTC,0.9987903752417036,55152825.97929465,303716.9773958544
2018-08-03 00:00:00 UTC,0.9965410022214519,55160125.98352789,154145.8283269251
2018-08-04 00:00:00 UTC,0.9984752392717001,55480471.37280367,601902.7646537118
2018-08-05 00:00:00 UTC,0.9976688024977521,55484073.43484529,368223.62769154075
2018-08-06 00:00:00 UTC,0.989097146133392,55022567.237317584,133244.51015103332
2018-08-07 00:00:00 UTC,0.9951022660693893,55486606.81065613,197949.80228050676
2018-08-08 00:00:00 UTC,0.9866268328002029,54410703.76690048,495598.79603162303
2018-08-09 00:00:00 UTC,0.9871752597934897,54369003.20096218,1141197.4529690659
2018-08-10 00:00:00 UTC,0.9852419555226394,54807429.657627776,334552.56549799925
2018-08-11 00:00:00 UTC,1.0020790858371196,53963301.558303915,1996478.968857422
2018-08-12 00:00:00 UTC,0.9812337505931238,51606940.17356596,846219.3383580046
2018-08-13 00:00:00 UTC,0.9902011302145898,52563471.412094235,906290.3539267476
2018-08-14 00:00:00 UTC,1.0006410213012151,50478345.96633029,1551472.0947099545
2018-08-15 00:00:00 UTC,1.0022465323116985,46147976.53790116,2679907.7010728577
2018-08-16 00:00:00 UTC,1.0055670650321522,46818629.204154,690182.4098344404
2018-08-17 00:00:00 UTC,1.0047854058028025,46714719.935519636,148593.15561674966
2018-08-18 00:00:00 UTC,0.9712001572286955,45473475.86846808,399025.3683579554
2018-08-19 00:00:00 UTC,0.9950229650086291,46818605.6743479,686094.9429189152
2018-08-20 00:00:00 UTC,0.9978306875085651,47011314.11196674,349706.98015596456
2018-08-21 00:00:00 UTC,1.0061394579515874,47573951.011669844,577508.1793067991
2018-08-22 00:00:00 UTC,1.0042640981931905,47221844.0880245,338617.01832785574
2018-08-23 00:00:00 UTC,0.9976984777805094,47287587.66314864,500093.7494732604
2018-08-24 00:00:00 UTC,1.0089065824229566,48139591.715486206,149131.6157874667
2018-08-25 00:00:00 UTC,1.0014916583516549,48191043.312019505,135881.43987108252
2018-08-26 00:00:00 UTC,0.9940271791227073,47905064.36906887,135939.58069552842
2018-08-27 00:00:00 UTC,0.9992896325699739,48202242.355778605,82165.81534437508
2018-08-28 00:00:00 UTC,1.0102154865219033,49010242.43141937,92201.91812922685
2018-08-29 00:00:00 UTC,0.997687653311423,49884382.665571146,235974.91639814025
2018-08-30 00:00:00 UTC,1.0001057162264686,50015323.93486022,143970.15275387175
2018-08-31 00:00:00 UTC,1.0084873708445945,50424368.54222973,261471.52511546126
2018-09-01 00:00:00 UTC,1.0004872568563332,50022843.90807125,86200.33950866961
2018-09-02 00:00:00 UTC,1.0013891329203457,50057521.914907075,384734.25384351815
2018-09-03 00:00:00 UTC,1.0062931213814272,50309691.30603118,240093.45685169738
2018-09-04 00:00:00 UTC,0.9959658349948541,49782728.41279894,232351.93719944148
2018-09-05 00:00:00 UTC,1.0041924385115957,50210961.645241044,85747.62875673747
2018-09-06 00:00:00 UTC,1.0342785550789106,51659887.56264127,1509395.5263081598
2018-09-07 00:00:00 UTC,0.9944013038270352,49736205.986735456,1804183.4291308622
2018-09-08 00:00:00 UTC,0.9986213395893643,49931819.93547769,414295.62358497723
2018-09-09 00:00:00 UTC,0.9965358561247248,49826792.806236245,870582.0518663818
2018-09-10 00:00:00 UTC,1.0313117963294418,51569451.09692778,1421470.6233235637
2018-09-11 00:00:00 UTC,1.0077580423556183,50336152.91771268,1406644.3214017013
2018-09-12 00:00:00 UTC,1.000517356093943,50050109.3275841,1025079.9284586685
2018-09-13 00:00:00 UTC,0.9968652407114955,49845550.55672737,1186158.7147786922
2018-09-14 00:00:00 UTC,0.996252508206239,49815498.424444474,1260063.2210789514
2018-09-15 00:00:00 UTC,0.9978012021327347,49866385.63849978,774804.9645907538
2018-09-16 00:00:00 UTC,1.0001369442795063,50023831.27381658,482116.3331496399
2018-09-17 00:00:00 UTC,1.0031407644358508,50157038.22179254,402116.3474243917
2018-09-18 00:00:00 UTC,1.0024594100749495,50122970.50374748,1039612.7354566593
2018-09-19 00:00:00 UTC,0.9941958618412504,49709842.34422061,674601.3859501518
2018-09-20 00:00:00 UTC,0.9992731371680119,49966670.69426266,320362.2248569501
2018-09-21 00:00:00 UTC,1.0007117073805099,50035585.36902549,156985.02311081308
2018-09-22 00:00:00 UTC,1.0028152956700975,50140764.78350487,408519.96246034844
2018-09-23 00:00:00 UTC,1.0096390483589228,50481952.41794614,195660.78039354717
2018-09-24 00:00:00 UTC,1.0125614819566047,50628074.097830236,324081.33292040735
2018-09-25 00:00:00 UTC,1.003503834700068,50185194.75497401,295665.95051457966
2018-09-26 00:00:00 UTC,0.9920090393685354,49589316.42181254,352576.2559130508
2018-09-27 00:00:00 UTC,0.9968318945921225,49844372.553571895,254891.66375403214
2018-09-28 00:00:00 UTC,0.999811283401648,49990564.170082405,164011.15981627646
2018-09-29 00:00:00 UTC,0.9959846360595669,49799231.802978344,278762.14817424794
2018-09-30 00:00:00 UTC,0.9969307793017667,49847535.991186,265871.28440123604
2018-10-01 00:00:00 UTC,0.9823168714116849,49115843.570584245,87543.07052740853
2018-10-02 00:00:00 UTC,1.0012910911585053,50086247.60430694,46616.75044814864
2018-10-03 00:00:00 UTC,0.9927457318504361,49599131.797312975,222916.80785588064
2018-10-04 00:00:00 UTC,1.0108500607359714,50535255.3907815,182998.72632620562
2018-10-05 00:00:00 UTC,1.0034916118557553,50174580.592787765,225241.5265961482
2018-10-06 00:00:00 UTC,1.00410410742985,50191961.70529675,234405.33987331216
2018-10-07 00:00:00 UTC,1.0050388561999308,50251780.241509944,64722.498723060955
2018-10-08 00:00:00 UTC,1.0006603639383553,50033694.659915626,86254.06205641212
2018-10-09 00:00:00 UTC,1.002406985420573,50120349.27102865,673861.6936998243
2018-10-10 00:00:00 UTC,1.0005249869266737,50029315.61656352,544298.9354504577
2018-10-11 00:00:00 UTC,1.0021880412967665,50110475.0886923,1479001.3848262704
2018-10-12 00:00:00 UTC,1.0084520625996551,50422603.129982755,8648670.549821768
2018-10-13 00:00:00 UTC,1.0019322230775818,50096611.15387909,296753.89639529015
2018-10-14 00:00:00 UTC,1.0065805187605414,50328914.70979542,199316.04191027963
2018-10-15 00:00:00 UTC,1.0028597937380561,50131926.72913667,219410.58987523674
2018-10-16 00:00:00 UTC,1.0165909075845048,50825945.19950422,1863546.3939125768
2018-10-17 00:00:00 UTC,1.0256469250670497,51279136.37774537,215724.3631931124
2018-10-18 00:00:00 UTC,1.0291635854013141,51444545.76409786,243401.25486718057
2018-10-19 00:00:00 UTC,1.003438657725197,50171932.886259854,457256.04453780054
2018-10-20 00:00:00 UTC,1.00673049434808,50335042.96741713,172088.141837514
2018-10-21 00:00:00 UTC,1.0218948058280697,51091633.455560304,119175.35748378858
2018-10-22 00:00:00 UTC,1.0145479048454227,50730741.362338424,81502.31578613189
2018-10-23 00:00:00 UTC,1.0082473885080856,50443820.4334149,96173.5241712312
2018-10-24 00:00:00 UTC,1.0102586137672038,50512930.68836019,152028.8346661844
2018-10-25 00:00:00 UTC,1.000653073792161,50032653.68960805,174740.59199036303
2018-10-26 00:00:00 UTC,1.0027591412667343,50143121.565468155,122303.87635500517
2018-10-27 00:00:00 UTC,1.00665839205842,50322392.139420636,104657.03143921972
2018-10-28 00:00:00 UTC,1.0026119072452429,50131666.99766134,84991.31007042668
2018-10-29 00:00:00 UTC,1.0072109538397387,50344163.708799474,75804.21570448123
2018-10-30 00:00:00 UTC,0.9874213690048649,65838389.4135888,126985.656200841
2018-10-31 00:00:00 UTC,1.007502754489315,67179087.4730417,115873.46220859299
2018-11-01 00:00:00 UTC,1.0070422224236333,67144828.71203457,123798.77630857438
2018-11-02 00:00:00 UTC,1.01990774872368,68145197.10547647,94822.76529691454
2018-11-03 00:00:00 UTC,1.006357287647594,66666314.26691207,243530.2919146185
2018-11-04 00:00:00 UTC,1.0118129867174483,67464751.64940603,141810.18155382577
2018-11-05 00:00:00 UTC,0.9937339455302957,66257067.37954649,138635.49714529316
2018-11-06 00:00:00 UTC,0.9937597516214487,66261014.35979949,170158.6482447321
2018-11-07 00:00:00 UTC,0.9967543887489088,66394563.97337532,129943.30957685769
2018-11-08 00:00:00 UTC,1.0013494903842266,66638377.28947597,181275.8142549966
2018-11-09 00:00:00 UTC,1.0091685269982533,67462943.8959261,94655.49420085126
2018-11-10 00:00:00 UTC,1.0083843191229644,67208245.4839615,134785.18320770207
2018-11-11 00:00:00 UTC,1.0027815644761817,66862562.64160856,105888.70302114001
2018-11-12 00:00:00 UTC,1.0206452222207485,68088657.01242328,131569.65990787544
2018-11-13 00:00:00 UTC,1.0082652823970548,67130316.49924535,144095.08534975274
2018-11-14 00:00:00 UTC,1.0135724432750628,67597233.55620533,222551.35272059476
2018-11-15 00:00:00 UTC,1.0244360284660725,68071275.09436677,893842.402738998
2018-11-16 00:00:00 UTC,1.0096444423667694,74296996.35804287,523308.06775054964
2018-11-17 00:00:00 UTC,1.0128513033410338,77358404.50395145,318920.9155398658
2018-11-18 00:00:00 UTC,1.0134898647955688,77895435.84928688,409233.6868560461
2018-11-19 00:00:00 UTC,1.01185586381291,77745524.89890416,229396.316730197
2018-11-20 00:00:00 UTC,1.0126318792862246,75084985.2712521,1007566.3591222533
2018-11-21 00:00:00 UTC,1.0328486174625096,67907487.15654282,668923.3305043014
2018-11-22 00:00:00 UTC,1.0152842544566067,67022205.2994211,663534.1649097999
2018-11-23 00:00:00 UTC,1.004022598121783,67463707.81930122,338116.7669521994
2018-11-24 00:00:00 UTC,1.0221660509447108,67720732.26357631,550644.6147040888
2018-11-25 00:00:00 UTC,1.0310315726471289,67759814.07260634,433927.1322184887
2018-11-26 00:00:00 UTC,1.0289208027959116,59864612.493833944,831832.9531199004
2018-11-27 00:00:00 UTC,1.027221484442611,60456901.3803118,585462.9486429844
2018-11-28 00:00:00 UTC,1.019118253091155,61423512.71116031,387069.1238225467
2018-11-29 00:00:00 UTC,1.0092479710721403,61263804.81952322,722149.85177001
2018-11-30 00:00:00 UTC,1.0089002865556707,61896582.10767314,726769.347028087
2018-12-01 00:00:00 UTC,1.0061142539999983,61762375.664424144,403128.0538660516
2018-12-02 00:00:00 UTC,1.0007378592154612,61794346.380680956,206246.22435896564
2018-12-03 00:00:00 UTC,1.0011149859226285,62584827.21952739,244575.31717679297
2018-12-04 00:00:00 UTC,1.0090822556984373,63313931.08762287,361051.44364158413
2018-12-05 00:00:00 UTC,1.0039487910355351,63182415.34216236,296854.77270422416
2018-12-06 00:00:00 UTC,1.0062232436655454,63804670.47344893,383477.3155095757
2018-12-07 00:00:00 UTC,0.9941908859927229,58166510.86273403,550829.0268094746
2018-12-08 00:00:00 UTC,1.0077007527205102,54596119.531594254,1250074.512512614
2018-12-09 00:00:00 UTC,1.006014504470229,54420303.53357044,337107.6705486129
2018-12-10 00:00:00 UTC,1.0081191613490497,55230182.768585525,407523.2599546774
2018-12-11 00:00:00 UTC,1.0070909120033338,55517260.492285974,157952.8960622411
2018-12-12 00:00:00 UTC,1.0030607652489054,55209334.33324252,193190.7775560343
2018-12-13 00:00:00 UTC,1.008423350839868,55485941.54889864,194157.98532022038
2018-12-14 00:00:00 UTC,1.0095209499228464,54827209.280727796,180848.8919806984
2018-12-15 00:00:00 UTC,1.0158207682405787,55356702.11665144,320379.13763713406
2018-12-16 00:00:00 UTC,1.0205446858914122,55336816.84266365,417621.4099297395
2018-12-17 00:00:00 UTC,1.003554073613072,54449980.35054974,266693.451994363
2018-12-18 00:00:00 UTC,1.009613387023076,55281484.84002014,275413.8315125001
2018-12-19 00:00:00 UTC,1.0016747518051634,55061177.629598714,265296.45110635663
2018-12-20 00:00:00 UTC,1.0065737509011228,56778366.2286589,778199.6037616386
2018-12-21 00:00:00 UTC,1.009319982462069,58318649.25249291,326873.6296257986
2018-12-22 00:00:00 UTC,1.0011045977617228,58921638.24637949,357259.9918063542
2018-12-23 00:00:00 UTC,1.001937344948484,61113295.06586159,377089.13138439856
2018-12-24 00:00:00 UTC,0.9870344018729178,63509725.2042062,1018334.2886798588
2018-12-25 00:00:00 UTC,0.9832003896640896,65480197.33018635,885949.5049853115
2018-12-26 00:00:00 UTC,0.9915684031637952,65788044.43894202,339004.12231058587
2018-12-27 00:00:00 UTC,0.9958968767402652,67129963.65376464,257044.9965187169
2018-12-28 00:00:00 UTC,1.0047881890247576,67268099.83134606,495072.1435961516
2018-12-29 00:00:00 UTC,1.005931456625052,67986262.76775202,902808.8554879999
2018-12-30 00:00:00 UTC,0.988533405728849,68147726.48175082,407787.39622360223
2018-12-31 00:00:00 UTC,1.001047145581001,69190043.04194503,179592.9571232195
2019-01-01 00:00:00 UTC,0.9973698879806986,69435411.74656485,265121.41349568916
2019-01-02 00:00:00 UTC,0.9973234454702871,69339056.26822464,264070.0463488257
2019-01-03 00:00:00 UTC,0.9939689560409801,70099046.31772912,580260.5989529735
2019-01-04 00:00:00 UTC,0.9947794205810766,69559982.42101792,463549.13624088943
2019-01-05 00:00:00 UTC,0.9954915882614086,69073786.46133795,232663.03745207714
2019-01-06 00:00:00 UTC,0.9962349846665043,69700010.42560384,436097.32183896645
2019-01-07 00:00:00 UTC,0.9940859307457314,69442478.58088504,197374.97815502045
2019-01-08 00:00:00 UTC,0.9946938709206679,69981712.00574407,226215.9554162545
2019-01-09 00:00:00 UTC,0.9890924113150682,69343449.81807815,346646.52630321786
2019-01-10 00:00:00 UTC,0.9874191479232484,69694566.48129773,179984.08208891036
2019-01-11 00:00:00 UTC,0.9898106608889167,69511616.13813984,312585.78563942236
2019-01-12 00:00:00 UTC,0.9853693469126716,68811221.88085674,169488.43872193558
2019-01-13 00:00:00 UTC,0.9929967126798025,69721484.68544306,106761.08395956569
2019-01-14 00:00:00 UTC,0.995571718117824,69578530.17382254,177603.07540637333
2019-01-15 00:00:00 UTC,1.0067811227286938,71649321.72674057,506307.909454422
2019-01-16 00:00:00 UTC,1.0071834786029419,71808938.46630464,407267.8873423402
2019-01-17 00:00:00 UTC,0.9940433688617918,71269099.64374198,287923.0268262704
2019-01-18 00:00:00 UTC,1.0050840361940794,71723288.30890317,350018.1577188718
2019-01-19 00:00:00 UTC,0.9977207829942265,71497733.61029983,303118.1145455647
2019-01-20 00:00:00 UTC,0.9963774335107526,71677562.22141819,264705.26014771534
2019-01-21 00:00:00 UTC,0.994346590143581,72364260.73846486,363862.81153279834
2019-01-22 00:00:00 UTC,0.9973733110936058,72727119.9348593,303220.7150307725
2019-01-23 00:00:00 UTC,0.9970991902893713,72883187.66732103,472517.7782155743
2019-01-24 00:00:00 UTC,1.0000751737526299,73467753.43158084,299812.24605053413
2019-01-25 00:00:00 UTC,1.0056218963690884,74823750.9652318,1067252.5944319263
2019-01-26 00:00:00 UTC,0.9964174089038937,73970566.4905321,655529.7229886547
2019-01-27 00:00:00 UTC,1.0020768261713004,74542321.08671321,316467.9294629525
2019-01-28 00:00:00 UTC,1.000246807904428,74509568.98148486,262771.27737336955
2019-01-29 00:00:00 UTC,1.0075993575348754,74640471.76186857,508340.25793623703
2019-01-30 00:00:00 UTC,0.9998668309489757,74507770.97875972,5330427.614134985
2019-01-31 00:00:00 UTC,1.0057175360640251,75671833.77306378,7137640.185202918
2019-02-01 00:00:00 UTC,1.0023692323515296,75640162.88194938,8119825.048567862
2019-02-02 00:00:00 UTC,1.0101570816744363,76282958.53983057,7023954.814489884
2019-02-03 00:00:00 UTC,1.0012137405103094,75945901.87240179,7831439.283664672
2019-02-04 00:00:00 UTC,1.0035932677506536,76203594.09081084,9103449.048712865
2019-02-05 00:00:00 UTC,1.0035065927120015,76712016.8295059,7439311.213151653
2019-02-06 00:00:00 UTC,1.001299641244009,76605962.19366457,8525463.084419431
2019-02-07 00:00:00 UTC,0.9997909007288647,76782416.4948532,8777702.596524647
2019-02-08 00:00:00 UTC,0.9971565539610675,76516694.49235536,7863378.916414541
2019-02-09 00:00:00 UTC,1.014166031477909,77589470.99861312,8456774.914227517
2019-02-10 00:00:00 UTC,1.0041475101589408,77680345.29555055,6407634.0275728265
2019-02-11 00:00:00 UTC,1.0021712734093486,77668657.05235085,8063499.50168844
2019-02-12 00:00:00 UTC,1.005041707936578,77151008.74810717,9597126.1567299
2019-02-13 00:00:00 UTC,1.0082596727323332,78250308.79826626,9754549.874973629
2019-02-14 00:00:00 UTC,1.0059649120379948,78502461.58638674,11925068.414174339
2019-02-15 00:00:00 UTC,1.003376306057104,78397375.6159835,11097922.272989117
2019-02-16 00:00:00 UTC,1.00409090480094,78638596.80706532,10517653.92753342
2019-02-17 00:00:00 UTC,1.003620327804049,78787685.79840454,11208232.506097706
2019-02-18 00:00:00 UTC,1.0073464060570434,79592882.97148864,12342968.560710791
2019-02-19 00:00:00 UTC,1.0134358725123092,80450687.97404298,14847845.454362422
2019-02-20 00:00:00 UTC,1.0038763754327216,80550978.17898221,16972591.733704526
2019-02-21 00:00:00 UTC,1.006367025488664,81968304.14389595,21773910.168887075
2019-02-22 00:00:00 UTC,1.0116847762271675,82322433.9936834,26750419.42037377
2019-02-23 00:00:00 UTC,1.007916002584841,84776564.41783671,24347654.063626144
2019-02-24 00:00:00 UTC,1.011849947979562,85815259.62909235,26392837.38707772
2019-02-25 00:00:00 UTC,0.9964446833882262,87659514.96110852,30258537.017382488
2019-02-26 00:00:00 UTC,1.00456871548141,88375033.10503606,35941529.605998114
2019-02-27 00:00:00 UTC,1.0077379551997736,89059928.54799414,21240982.521276392
2019-02-28 00:00:00 UTC,1.0037304859165619,88779871.6332733,101490346.42604367
2019-03-01 00:00:00 UTC,1.0028006834637126,89231403.95650002,43096231.782113254
2019-03-02 00:00:00 UTC,1.0006789329138597,89244556.22331263,46007474.497264676
2019-03-03 00:00:00 UTC,1.004575587531112,90059219.74804118,28483745.847101085
2019-03-04 00:00:00 UTC,0.9987908808083716,89365847.2194935,27841417.498169914
2019-03-05 00:00:00 UTC,0.9976823189507472,90524615.41858734,28470439.3110446
2019-03-06 00:00:00 UTC,0.9928289140571238,90728334.92498599,30872973.992033836
2019-03-07 00:00:00 UTC,0.9896243686188605,91471957.4166704,25708159.0105343
2019-03-08 00:00:00 UTC,0.9823011310658287,90429681.20473877,25520759.7116239
2019-03-09 00:00:00 UTC,0.977913115475681,90472669.3908383,25654010.13924343
2019-03-10 00:00:00 UTC,0.991614601467766,91025021.37938543,25969333.449515298
2019-03-11 00:00:00 UTC,0.9973146518967956,91740621.65385552,20769570.04310737
2019-03-12 00:00:00 UTC,1.0057465597674786,93141402.8852245,22831525.015788127
2019-03-13 00:00:00 UTC,1.008451215625618,93433895.78716493,22006711.57147736
2019-03-14 00:00:00 UTC,1.0055004734909985,93375990.78199701,18727605.361013394
2019-03-15 00:00:00 UTC,1.0086404883531805,93510901.58986922,15763367.989688583
2019-03-16 00:00:00 UTC,1.0048515511834486,93896015.12174274,14336741.870596021
2019-03-17 00:00:00 UTC,1.003249583939053,93908088.82587005,3596174.9133753413
2019-03-18 00:00:00 UTC,0.9992083812949029,95229010.30719283,32322919.34172084
2019-03-19 00:00:00 UTC,0.994054446477337,94861829.4162737,36349195.64794094
2019-03-20 00:00:00 UTC,0.9873283688937153,94225051.19109409,35627694.49702461
2019-03-21 00:00:00 UTC,0.989041491775553,92998621.00278166,34316719.95404041
2019-03-22 00:00:00 UTC,0.9882411473151185,91835651.26353447,34454333.6191557
2019-03-23 00:00:00 UTC,0.9938482865202478,90476388.04024105,33141704.80433722
2019-03-24 00:00:00 UTC,0.9933924296919752,90259667.4958152,34413023.10476717
2019-03-25 00:00:00 UTC,0.9920018778223989,89572564.68310806,35637325.67195682
2019-03-26 00:00:00 UTC,0.990969221801961,87232450.63902578,28192296.16317733
2019-03-27 00:00:00 UTC,0.999032637907576,87837627.29802644,30558189.334173456
2019-03-28 00:00:00 UTC,0.9939275257209627,87144348.24612623,18163900.603966303
2019-03-29 00:00:00 UTC,0.9882658929302978,87630849.8780649,21980180.25227487
2019-03-30 00:00:00 UTC,0.9892281248316561,87265157.68098949,28987765.43156457
2019-03-31 00:00:00 UTC,0.9885973064817702,87403662.39821844,27466016.060903147
2019-04-01 00:00:00 UTC,0.9918618524051835,87721364.61484085,27169988.13056174
2019-04-02 00:00:00 UTC,0.9854198593440803,87511646.36578612,31634520.389708698
2019-04-03 00:00:00 UTC,0.989869163119436,85418567.86106458,36008959.649138145
2019-04-04 00:00:00 UTC,0.9928639974240732,87243563.02408227,37357849.24190518
2019-04-05 00:00:00 UTC,0.9798057834870328,87253619.61468415,36486307.83538294
2019-04-06 00:00:00 UTC,0.984125120262997,88929956.91371222,40697211.70812011
2019-04-07 00:00:00 UTC,0.9792748896120468,88720625.12110493,37992489.429523356
2019-04-08 00:00:00 UTC,0.9750738018165804,90423001.80205278,39311732.68046924
2019-04-09 00:00:00 UTC,0.9703575002352549,90216442.97122979,40537413.40226236
2019-04-10 00:00:00 UTC,0.9606754064186228,89992415.64185469,37524513.27453105
2019-04-11 00:00:00 UTC,0.9635619659094397,90223016.49969496,36381975.44641238
2019-04-12 00:00:00 UTC,0.960500328889569,89161985.50507948,38322567.61205696
2019-04-13 00:00:00 UTC,0.9643570555478281,89787130.11822419,37956897.63267905
2019-04-14 00:00:00 UTC,0.9728797469351533,90542310.22350825,41538817.835572325
2019-04-15 00:00:00 UTC,0.9798610109574497,90426750.80151635,43331299.614097856
2019-04-16 00:00:00 UTC,0.9686635028809641,87148736.11304863,3557071.95267207
2019-04-17 00:00:00 UTC,0.9764993234499848,87761419.52180403,2907707.398990461
2019-04-18 00:00:00 UTC,0.9771256065407491,88446066.52153394,2620280.7799479677
2019-04-19 00:00:00 UTC,0.9816759201564407,88008764.48730391,41176849.519188955
2019-04-20 00:00:00 UTC,0.9772717029114473,86663899.86524406,39512554.164473325
2019-04-21 00:00:00 UTC,0.9781320090307687,85943623.86963668,219992044.95453984
2019-04-22 00:00:00 UTC,0.9814438444982915,86257799.1545982,41185519.51781563
2019-04-23 00:00:00 UTC,0.9808760634117925,86007720.10395417,35803710.74700866
2019-04-24 00:00:00 UTC,0.9808078270434274,86137967.27249947,31084701.335377585
2019-04-25 00:00:00 UTC,0.9748973343939422,85514376.95665868,31260126.058360092
2019-04-26 00:00:00 UTC,0.9831855910005807,84531180.44601634,31423849.576341823
2019-04-27 00:00:00 UTC,1.028648812573308,87821456.1283035,49129120.10958876
2019-04-28 00:00:00 UTC,1.0151573346827616,85960488.22053823,16617997.948947664
2019-04-29 00:00:00 UTC,1.020887409914842,86529156.4639428,17543355.166057665
2019-04-30 00:00:00 UTC,1.0371189182939549,87345968.70034236,17815074.248052377
2019-05-01 00:00:00 UTC,1.0376182283011703,87257671.2377635,17117817.67941882
2019-05-02 00:00:00 UTC,1.0331956498653403,86630974.11284707,16337987.894907199
2019-05-03 00:00:00 UTC,1.041040479522648,87091082.29439718,21587261.720258966
2019-05-04 00:00:00 UTC,1.0345883446715292,86118849.25119019,27325782.647645902
2019-05-05 00:00:00 UTC,1.0360083115278467,86111195.73520835,63054706.42643766
2019-05-06 00:00:00 UTC,1.0370696559543195,86174186.64520502,24429658.615232676
2019-05-07 00:00:00 UTC,1.0404812344329346,85755721.49542353,22812690.607075054
2019-05-08 00:00:00 UTC,1.0310322208637153,85063200.51733945,23743333.073841654
2019-05-09 00:00:00 UTC,1.034542939279078,85002589.38728851,25218016.92506199
2019-05-10 00:00:00 UTC,1.0102388290999533,83383963.85633743,21381576.40132413
2019-05-11 00:00:00 UTC,0.9984719438187454,82239967.9570734,22036715.645283546
2019-05-12 00:00:00 UTC,0.9652083165612039,80374084.40614885,29636526.05955164
2019-05-13 00:00:00 UTC,0.988299094160789,83287818.28237791,22818344.46929114
2019-05-14 00:00:00 UTC,0.9929520342040439,84201013.49023995,25837935.30813058
2019-05-15 00:00:00 UTC,1.005445091143686,85951190.72559159,29306858.840457845
2019-05-16 00:00:00 UTC,1.0064701849363265,84659452.0005496,42989359.56705736
2019-05-17 00:00:00 UTC,1.0171614687298434,81655293.86790775,40518077.35730144
2019-05-18 00:00:00 UTC,1.0124085757364936,82122705.4092908,30563969.94154492
2019-05-19 00:00:00 UTC,1.0008682513065985,81318382.00792368,24965653.55072465
2019-05-20 00:00:00 UTC,1.0050478459759615,81794310.41985312,26215475.678752303
2019-05-21 00:00:00 UTC,0.9982044935394944,80773000.13176347,25345472.79562419
2019-05-22 00:00:00 UTC,0.9963241279569954,80612951.80347155,23523196.30234859
2019-05-23 00:00:00 UTC,0.9911244200493212,80079063.43007204,28130032.501519978
2019-05-24 00:00:00 UTC,0.991838471912184,80646130.02105151,29173606.060304526
2019-05-25 00:00:00 UTC,0.9930354861915545,81819789.02697892,34317681.14443117
2019-05-26 00:00:00 UTC,0.9948147700601673,80883672.30597384,33425067.21062924
2019-05-27 00:00:00 UTC,1.0022918968482633,80693787.84055215,40887256.549442254
2019-05-28 00:00:00 UTC,1.0020784054838041,80893423.22661081,43620840.80814796
2019-05-29 00:00:00 UTC,1.0022168729982066,80529073.12410446,43052665.848588705
2019-05-30 00:00:00 UTC,1.0024035353546055,80736671.70537288,44370721.7002026
2019-05-31 00:00:00 UTC,1.0049081793396,80837071.41614893,45500621.343226686
2019-06-01 00:00:00 UTC,0.9913832475828636,81158175.86385554,39769593.6917225
2019-06-02 00:00:00 UTC,0.9973864125672585,81555491.74846688,38681672.7462602
2019-06-03 00:00:00 UTC,0.9986050725477872,81847995.2932258,40775643.66035549
2019-06-04 00:00:00 UTC,0.9799637344388485,80037982.40417928,39447884.936870456
2019-06-05 00:00:00 UTC,1.0072822727290183,82552131.93366304,7797959.313042669
2019-06-06 00:00:00 UTC,1.0012294187823234,82478938.86614537,4366336.940425779
2019-06-07 00:00:00 UTC,1.0027092945074625,83025380.07069731,3560832.534460813
2019-06-08 00:00:00 UTC,1.001632636756091,82805682.93676338,39820158.40081213
2019-06-09 00:00:00 UTC,1.0002139736249749,82603289.3731487,37365954.01595448
2019-06-10 00:00:00 UTC,1.0027309521479184,82738512.22891663,35330206.55963505
2019-06-11 00:00:00 UTC,1.0038903954786433,82598199.22845349,35379593.193537235
2019-06-12 00:00:00 UTC,0.9986256905325486,82264969.88319166,31075116.263921086
2019-06-13 00:00:00 UTC,0.9986367277996906,82259223.78313209,35785463.89241106
2019-06-14 00:00:00 UTC,0.9916605526805039,82590532.82175656,31153671.80597283
2019-06-15 00:00:00 UTC,0.9967054167277303,83299961.64594124,31388498.89623496
2019-06-16 00:00:00 UTC,1.007434183209553,84251073.72296447,36482086.44516714
2019-06-17 00:00:00 UTC,0.9937626614391866,84029250.6412814,36086723.075436
2019-06-18 00:00:00 UTC,0.9969836700221829,84318292.37557094,34316487.06562655
2019-06-19 00:00:00 UTC,0.9966268401765275,85302444.89938968,32756092.17057516
2019-06-20 00:00:00 UTC,0.997199984115706,85310973.56516044,31021429.942101177
2019-06-21 00:00:00 UTC,1.0019260500531777,85956678.87310635,31327854.049766373
2019-06-22 00:00:00 UTC,1.0024096857872236,85712779.30650958,42176031.187544
2019-06-23 00:00:00 UTC,0.9999083491540532,85102736.31242435,49386130.45124376
2019-06-24 00:00:00 UTC,1.00332301990362,85837025.28810436,35005276.64019422
2019-06-25 00:00:00 UTC,1.000898009015267,86142506.79800794,33194737.23512757
2019-06-26 00:00:00 UTC,1.0093647275638922,85799764.41328517,38042269.456489764
2019-06-27 00:00:00 UTC,1.019875343982971,87897758.09021914,44918436.537254155
2019-06-28 00:00:00 UTC,1.0020766664457157,88262741.91307342,38543583.66444704
2019-06-29 00:00:00 UTC,1.000076449771708,88389789.0813624,36661930.43028796
2019-06-30 00:00:00 UTC,1.0027474848011015,89312751.41188411,37124511.59350332
2019-07-01 00:00:00 UTC,0.9886068810632502,89086150.27487633,34916247.3182908
2019-07-02 00:00:00 UTC,0.9981871386878757,89705113.13152145,33426081.110306785
2019-07-03 00:00:00 UTC,1.0016470051845983,90128317.67104477,32197741.288320813
2019-07-04 00:00:00 UTC,0.9870947328300722,89261251.75241922,34644547.3884626
2019-07-05 00:00:00 UTC,0.991443757332849,89267850.97010769,28404487.162809853
2019-07-06 00:00:00 UTC,0.9874602583259108,89044408.81242922,29507586.353387594
2019-07-07 00:00:00 UTC,0.9931616422047197,89050815.4118834,31216870.65016421
2019-07-08 00:00:00 UTC,0.995686803022516,89807107.61630155,31842524.167249437
2019-07-09 00:00:00 UTC,0.991862205527575,89500238.25557725,32786223.360375263
2019-07-10 00:00:00 UTC,0.9933663646874951,90605627.2866586,33606479.67052472
2019-07-11 00:00:00 UTC,0.9828040786430012,89857598.36455967,31997580.24376976
2019-07-12 00:00:00 UTC,0.9807118473688167,89684034.67524901,42471670.89796382
2019-07-13 00:00:00 UTC,0.9726117013072261,88432860.87252878,30979487.644432433
2019-07-14 00:00:00 UTC,0.9814997854253737,88846490.16001208,32755676.075198624
2019-07-15 00:00:00 UTC,0.9769016653061285,85526651.41662692,36780144.065566
2019-07-16 00:00:00 UTC,0.9895501675448114,84701634.07445467,36029789.755523555
2019-07-17 00:00:00 UTC,0.989990472046469,84900607.55943114,30932174.29574159
2019-07-18 00:00:00 UTC,0.9856666593315466,84206849.30488136,25189211.680346992
2019-07-19 00:00:00 UTC,0.9841646783654722,82771025.05232966,22255171.26433279
2019-07-20 00:00:00 UTC,0.9921313400690753,81927348.77845745,7016150.154495174
2019-07-21 00:00:00 UTC,0.9959952764089646,81988075.79291472,9733695.792737888
2019-07-22 00:00:00 UTC,0.9968819804737645,82173015.9698984,7233225.60703508
2019-07-23 00:00:00 UTC,1.0006328731412355,80294554.2704515,7013031.5176206445
2019-07-24 00:00:00 UTC,0.9970762777866222,78791444.2081729,6313365.659651808
2019-07-25 00:00:00 UTC,1.003724035484677,79490013.53735603,7966944.024092374
2019-07-26 00:00:00 UTC,0.9985466522848839,78216389.73132125,9321152.379655976
2019-07-27 00:00:00 UTC,1.009660701234938,76870276.05088396,13372758.708787447
2019-07-28 00:00:00 UTC,0.9948897296327807,75895437.49539885,10721948.068069141
2019-07-29 00:00:00 UTC,0.9923744680026507,76402330.47846909,10610213.692758672
2019-07-30 00:00:00 UTC,1.0117315869154093,77724581.08341615,9406701.707375664
2019-07-31 00:00:00 UTC,1.005047925540153,77645589.38352011,10248886.42252365
2019-08-01 00:00:00 UTC,1.0016013811999105,77470474.86327437,10487160.870593086
2019-08-02 00:00:00 UTC,1.003608713352924,77506323.15143736,9516321.615953937
2019-08-03 00:00:00 UTC,1.0016995020528698,77216248.52702498,7419179.215779473
2019-08-04 00:00:00 UTC,1.0020854644316417,77318754.17348576,3615433.7782466263
2019-08-05 00:00:00 UTC,1.0000561099236611,77166056.96072638,4705396.167762421
2019-08-06 00:00:00 UTC,1.0035285482374254,77287504.37696442,6528213.37132916
2019-08-07 00:00:00 UTC,1.0055021900328638,76238321.59155796,7634137.8067860855
2019-08-08 00:00:00 UTC,1.002474557011594,77171931.56817794,6067275.384618086
2019-08-09 00:00:00 UTC,1.0097939792248354,77940397.40012422,6324110.514420084
2019-08-10 00:00:00 UTC,1.0015178002274112,77407527.89209183,12164013.977029061
2019-08-11 00:00:00 UTC,0.9991433173383972,78250365.09871837,7310348.76495777
2019-08-12 00:00:00 UTC,1.0040484828512304,78790837.7231928,4057547.53806242
2019-08-13 00:00:00 UTC,1.0043397997093904,78854118.42289668,3775962.707585474
2019-08-14 00:00:00 UTC,1.005000788123922,79155126.43074128,5037139.600531358
2019-08-15 00:00:00 UTC,1.0053499393658458,79021488.4663962,8553887.190039273
2019-08-16 00:00:00 UTC,1.0023806692777926,78579097.54731998,10897510.33654522
2019-08-17 00:00:00 UTC,1.0051832670177787,78749963.51803985,17561359.807307392
2019-08-18 00:00:00 UTC,1.008182445328431,78866276.03800818,35121290.74470522
2019-08-19 00:00:00 UTC,1.0061348843951121,78841378.94398135,25483177.136833224
2019-08-20 00:00:00 UTC,1.0103857516037291,79260442.10623173,19111321.002031777
2019-08-21 00:00:00 UTC,0.997646160684213,78354108.86811571,12270680.301899588
2019-08-22 00:00:00 UTC,1.0098037934451565,79169700.92146768,12226017.970854696
2019-08-23 00:00:00 UTC,1.003570294602136,78808990.12844862,25308090.20603822
2019-08-24 00:00:00 UTC,1.004634853658602,78970450.56066594,21292530.675833374
2019-08-25 00:00:00 UTC,1.0101179714156012,79045244.14933443,19658856.619825102
2019-08-26 00:00:00 UTC,1.0117252751567112,79164632.50377825,15108252.97850671
2019-08-27 00:00:00 UTC,1.0188103802227195,79775687.10191676,20098209.00866096
2019-08-28 00:00:00 UTC,1.0148748753598793,80084699.10513797,27499399.3306702
2019-08-29 00:00:00 UTC,1.0108601746948396,78441526.41550821,44552217.13714767
2019-08-30 00:00:00 UTC,1.0111515472409656,78114669.2254882,21372555.376184747
2019-08-31 00:00:00 UTC,1.01207781079663,77880582.29355417,16496600.967096211
2019-09-01 00:00:00 UTC,1.0094340616659454,77630911.31036438,11292612.962658465
2019-09-02 00:00:00 UTC,1.0072034582462597,77150742.44608423,29843248.68641095
2019-09-03 00:00:00 UTC,1.0111883246069866,77521831.55299805,10338065.086159812
2019-09-04 00:00:00 UTC,1.0111252746807045,78149104.33918762,19870826.232870698
2019-09-05 00:00:00 UTC,1.015693784360199,78525626.81551503,14425544.128902743
2019-09-06 00:00:00 UTC,1.0113560793898375,78103771.16109751,19226438.41438072
2019-09-07 00:00:00 UTC,1.009966101793713,78133972.92517039,22010249.507103212
2019-09-08 00:00:00 UTC,1.0046508631617752,78079315.42069514,22781264.11578603
2019-09-09 00:00:00 UTC,1.013573002900723,78929904.38660167,15048850.039666085
2019-09-10 00:00:00 UTC,1.0051933473203227,79101810.75581333,19032321.485626545
2019-09-11 00:00:00 UTC,1.0160568722009318,80052474.06928034,13610193.332345856
2019-09-12 00:00:00 UTC,1.0106083427730883,79828898.92505506,7857456.872902886
2019-09-13 00:00:00 UTC,1.0099593320897051,79804490.41070752,11434528.513887625
2019-09-14 00:00:00 UTC,1.016103022151636,80324198.42254649,8363034.806414172
2019-09-15 00:00:00 UTC,1.0100601877560458,80064394.66745093,9170355.43703224
2019-09-16 00:00:00 UTC,1.0092938179073476,84275518.73224413,12121979.915178066
2019-09-17 00:00:00 UTC,1.0043667389934319,84377801.07380752,18188110.7421683
2019-09-18 00:00:00 UTC,0.9993788403977053,85296763.97684126,26112344.67380918
2019-09-19 00:00:00 UTC,1.0049837884147974,86128532.41348036,21720025.502263207
2019-09-20 00:00:00 UTC,1.0045176722515923,86203576.33791499,21133753.93245757
2019-09-21 00:00:00 UTC,1.0054553790446064,86862871.00971763,4754573.480109287
2019-09-22 00:00:00 UTC,1.006509306786059,86949558.26418345,16061447.076787539
2019-09-23 00:00:00 UTC,1.0016550172472238,86632989.50107405,18159307.451002494
2019-09-24 00:00:00 UTC,0.9979800067022919,85876116.52608854,23625974.59403913
2019-09-25 00:00:00 UTC,0.9940319457139533,83810893.49504025,79605436.86725071
2019-09-26 00:00:00 UTC,1.0069224481149277,80910949.48272443,18812916.265031613
2019-09-27 00:00:00 UTC,1.006839074844438,80127175.42311558,25002419.788461976
2019-09-28 00:00:00 UTC,1.0045850397110097,80001153.56674083,13493201.284355944
2019-09-29 00:00:00 UTC,1.007114150946204,80169115.5945412,7149609.30134687
2019-09-30 00:00:00 UTC,1.005316158440372,80124185.38778025,3181420.195285818
2019-10-01 00:00:00 UTC,1.010743829016518,80780909.35124591,4727345.74155908
2019-10-02 00:00:00 UTC,1.0103942012388514,81591066.70401104,4570369.996059459
2019-10-03 00:00:00 UTC,1.0103942012388514,81591066.70401104,4570369.996059459
2019-10-04 00:00:00 UTC,1.0054739054063244,81857050.26526538,6491860.696120109
2019-10-05 00:00:00 UTC,1.0056710101167214,81867759.82414734,6390147.128302475
2019-10-06 00:00:00 UTC,1.0088608294467682,81856637.9707759,3351715.626650517
2019-10-07 00:00:00 UTC,1.0083198979862138,81946831.66703147,5863753.404899355
2019-10-08 00:00:00 UTC,1.00868798474813,82495407.22831506,5474182.957175787
2019-10-09 00:00:00 UTC,1.00535198249472,82556449.92487624,4379288.27527261
2019-10-10 00:00:00 UTC,1.0084357004293012,85154847.3517356,5971146.2311450085
2019-10-11 00:00:00 UTC,1.0083241599495363,86145405.25395456,5374753.437235231
2019-10-12 00:00:00 UTC,1.0045612105708963,84973115.07142226,4645286.008731721
2019-10-13 00:00:00 UTC,1.0032822378545037,84875466.24524678,2342519.0277532493
2019-10-14 00:00:00 UTC,1.0055772204348579,85155433.91573532,2758043.8772907606
2019-10-15 00:00:00 UTC,1.0092852877155973,85319594.75507496,5411606.074438222
2019-10-16 00:00:00 UTC,1.007225431616699,84953578.98440388,6450611.35801005
2019-10-17 00:00:00 UTC,1.0005708983815689,84282950.99010257,5915314.408694288
2019-10-18 00:00:00 UTC,1.003948908799961,84666452.47864614,4663083.994591172
2019-10-19 00:00:00 UTC,1.001030927856206,84371225.69545574,4212849.06022064
2019-10-20 00:00:00 UTC,0.9988488960418704,84160408.17344211,3040532.443921195
2019-10-21 00:00:00 UTC,1.0045450389104267,84688558.73939359,4115151.646797153
2019-10-22 00:00:00 UTC,1.0064488286456656,84829194.43826288,3756211.203130554
2019-10-23 00:00:00 UTC,1.003004942333737,84694921.87949765,3889832.542908181
2019-10-24 00:00:00 UTC,1.0060941011495976,86012940.30767986,13684429.139442902
2019-10-25 00:00:00 UTC,0.9964233890418219,85222646.98941308,4763913.738486165
2019-10-26 00:00:00 UTC,1.0147533988372865,87509551.6137706,11382572.6290719
2019-10-27 00:00:00 UTC,1.011884054419712,87958041.1306949,14574740.036958084
2019-10-28 00:00:00 UTC,1.012118688181938,87485905.846884,6554091.883813762
2019-10-29 00:00:00 UTC,1.0123685876781094,88297795.82458287,5105604.634911213
2019-10-30 00:00:00 UTC,1.016665473815248,90927304.18237707,5370368.360475407
2019-10-31 00:00:00 UTC,1.0121568300388448,89825522.8797827,6169554.944649832
2019-11-01 00:00:00 UTC,1.0182202771409499,89286404.59670018,5013041.807886119
2019-11-02 00:00:00 UTC,1.0122836370147514,90000201.02172838,6316106.7661916865
2019-11-03 00:00:00 UTC,1.0224434044066266,91275118.55914891,3121668.506844433
2019-11-04 00:00:00 UTC,1.015730653552586,91142680.68262757,4193929.8309825948
2019-11-05 00:00:00 UTC,1.0171719716358136,94958018.00509454,5140293.879246762
2019-11-06 00:00:00 UTC,1.0126154154481344,97002407.85108463,5977361.617330042
2019-11-07 00:00:00 UTC,1.013760190959222,101446447.08154686,4943023.858680453
2019-11-08 00:00:00 UTC,1.0157821792001458,100596657.67332081,4671300.5922866985
2019-11-09 00:00:00 UTC,1.007640185359617,101060529.75982618,5176571.21854827
2019-11-10 00:00:00 UTC,1.0123868238990976,101852685.88712318,3391857.532753283
2019-11-11 00:00:00 UTC,1.0103950151700183,101200780.76932324,5436878.98252612
2019-11-12 00:00:00 UTC,1.0083217824142,102451866.78642581,4234121.149491796
2019-11-13 00:00:00 UTC,1.0077254597816154,102807589.28940742,4879500.757327939
2019-11-14 00:00:00 UTC,1.0088022632772786,104041485.02668019,5219599.650138728
2019-11-15 00:00:00 UTC,1.0092998169369127,103464397.65102822,4993676.247111556
2019-11-16 00:00:00 UTC,1.006020539341411,102487479.31380874,5913901.50596645
2019-11-17 00:00:00 UTC,1.0095878794192623,102807922.37923844,3515188.4229952786
2019-11-18 00:00:00 UTC,1.0098875887703334,102594257.8446218,3697989.4016782492
2019-11-19 00:00:00 UTC,1.0053586900838654,100826136.78528708,5598999.576790697
2019-11-20 00:00:00 UTC,1.0047628898687013,98391349.45710972,5750538.320727569
2019-11-21 00:00:00 UTC,1.004653019394939,96626407.25711453,3656510.446361874
2019-11-22 00:00:00 UTC,1.0042831406169306,92498223.9851062,9165634.871437209
2019-11-23 00:00:00 UTC,1.007794082069788,88745807.45552951,21996564.414037
2019-11-24 00:00:00 UTC,1.0048726349889197,86537687.09916312,6089112.466012653
2019-11-25 00:00:00 UTC,0.9941344356199611,86555181.81387463,4926777.420604934
2019-11-26 00:00:00 UTC,1.0024100035518273,84797077.91535623,16749762.887148025
2019-11-27 00:00:00 UTC,1.004009022300664,85099131.55727917,5846789.8952351445
2019-11-28 00:00:00 UTC,0.9983794664037888,84150215.86936617,7511216.169931276
2019-11-29 00:00:00 UTC,0.9976389032047465,84412370.85065395,6884562.876691193
2019-11-30 00:00:00 UTC,0.998205719928399,84026394.04079454,6631589.558957746
2019-12-01 00:00:00 UTC,0.9998383096133692,84402244.78545105,3205889.7457996435
2019-12-02 00:00:00 UTC,1.000182420978881,82593254.70479909,4278587.057300481
2019-12-03 00:00:00 UTC,0.9981621957603506,67195327.19921404,4121156.0668690447
2019-12-04 00:00:00 UTC,0.995271555009546,60195680.04723933,2615462.814734857
2019-12-05 00:00:00 UTC,0.9948762005324705,59649319.296528295,3666190.326088483
2019-12-06 00:00:00 UTC,0.9986294450910405,58885824.506628364,2158868.2061471683
2019-12-07 00:00:00 UTC,1.0010955182981731,58425591.194222726,2451522.439848673
2019-12-08 00:00:00 UTC,0.9956564568844231,58314951.27052386,2426120.981684425
2019-12-09 00:00:00 UTC,0.9993855516040195,57486660.914049394,3078243.264674059
2019-12-10 00:00:00 UTC,1.0018059687169811,55862264.82313645,2800578.9182257364
2019-12-11 00:00:00 UTC,0.9960031913687029,54457613.582908414,2986920.3596263165
2019-12-12 00:00:00 UTC,0.9970555219329705,52537229.59877329,2517695.394541851
2019-12-13 00:00:00 UTC,1.0028197820531732,52017928.4805986,2426691.062831764
2019-12-14 00:00:00 UTC,1.0029225842666853,51515931.8517781,2189982.4249079367
2019-12-15 00:00:00 UTC,0.997211168633849,50341622.159645095,1997057.3081449224
2019-12-16 00:00:00 UTC,0.9955864187146215,50286071.67774802,2146134.9218439893
2019-12-17 00:00:00 UTC,1.000906514189204,49514066.36094501,3066572.2549832147
2019-12-18 00:00:00 UTC,1.0060491930380813,47268034.25454774,5028234.722309448
2019-12-19 00:00:00 UTC,0.9976218950226403,45700812.74377229,6707176.935003132
2019-12-20 00:00:00 UTC,0.9946826499045215,44975481.787910655,5899735.802861747
2019-12-21 00:00:00 UTC,0.9953777572597574,44277622.716666795,5257177.587747839
2019-12-22 00:00:00 UTC,0.9943059496599679,43349638.80333638,3565706.5781593034
2019-12-23 00:00:00 UTC,1.0030125666896448,43240530.916033976,4227454.129181137
2019-12-24 00:00:00 UTC,0.998263902440616,43054244.490097344,2709907.0804864853
2019-12-25 00:00:00 UTC,1.0003595590877188,42422211.96935382,3892168.362615936
2019-12-26 00:00:00 UTC,0.9997772013893368,41927548.85927378,2455485.0348026883
2019-12-27 00:00:00 UTC,1.0003926676362347,41660491.18850115,2865624.709701445
2019-12-28 00:00:00 UTC,1.003842324116775,41335436.41175173,2329998.7253427007
2019-12-29 00:00:00 UTC,1.0017130768462466,40851665.09808907,2030736.8750653572
2019-12-30 00:00:00 UTC,0.9979959394573049,40489921.57129135,2977207.403091606
2019-12-31 00:00:00 UTC,0.9941520704336739,40461453.77805556,2505195.595679278
